"Faction","Type","Visible","Geography"
"aztecs","fra_armstrong","Breech-Loading Rifled Cannon","argentina"
"aztecs","arg_cavalry_early","Caballería de Línea (Early)","argentina"
"aztecs","arg_cavalry_high","Caballería de Línea (Late)","argentina"
"aztecs","arg_cavalry_mid","Caballería de Línea (Mid)","argentina"
"aztecs","arg_cazadores_early","Cazadores (Early)","argentina"
"aztecs","arg_cazadores_mid","Cazadores (Mid)","argentina"
"aztecs","fra_hus_2_aztecs","Cuirassiers","argentina"
"aztecs","fra_ww1_inf_aztecs","Garde Impériale","argentina"
"aztecs","arg_frontier_gauchos","Gauchos de la Frontera","argentina"
"aztecs","gaucho_cav","General and Staff","argentina"
"aztecs","arg_general_staff","General y Estado Mayor","argentina"
"aztecs","arg_national_guard_early","Guardia Nacional (Early)","argentina"
"aztecs","arg_national_guard_high","Guardia Nacional (Late)","argentina"
"aztecs","arg_national_guard_mid","Guardia Nacional (Mid)","argentina"
"aztecs","fra_150mm","Howitzers","argentina"
"aztecs","arg_line_early","Infantería de Línea (Early)","argentina"
"aztecs","arg_line_mid","Infantería de Línea (Mid)","argentina"
"aztecs","arg_line_high","Infantería del Ejército (Late)","argentina"
"aztecs","arg_lancers_early","Lanceros de Frontera (Early)","argentina"
"aztecs","arg_lancers_mid","Lanceros de Frontera (Mid)","argentina"
"aztecs","fra_maxim","Maxim Gun","argentina"
"aztecs","fra_gatling","Mitrailleuse","argentina"
"aztecs","peru_foot_aztecs","Montoneros","argentina"
"aztecs","fra_5lb","Mortar","argentina"
"aztecs","fra_12lb","Muzzle-loading Rifled Cannon","argentina"
"aztecs","l_pith_cav_aztecs","Reformed Light Cavalry ","argentina"
"aztecs","arg_tiradores_high","Tiradores (Late)","argentina"
"aztecs","merc_uru_inf","Uruguayan Infantry","uruguay"
"bulga","indian_fanatic","Akali Jatha","india"
"bulga","ind_armstrong","Cast Bronze Cannon","india"
"bulga","ind_gatling","Gatling Gun","india"
"bulga","indian_ele","Hathi Banduqchi","india"
"bulga","ind_150mm","Howitzers ","india"
"bulga","india_militia","Jazailchi Gingal Wall Gunners","india"
"bulga","Sikh_heavy_cavalry","Khalsa Gorchara","india"
"bulga","sikh_warriors","Khalsa Guard (Martini-Henry Rifle)","india"
"bulga","indian_spears","Lashkar Nayzabaz","india"
"bulga","sikh_gen","Maharaja aur Lashkar","india"
"bulga","indian_new_musk","Maratha Paltan (Brown Bess Musket)","india"
"bulga","ind_maxim","Maxim Gun","india"
"bulga","ind_5lb","Mortar","india"
"bulga","ind_12lb","Muzzle-Loading Smoothbore Cannon","india"
"bulga","india_sepoy","Purbiya Sepoys (Brown Bess Musket)","india"
"bulga","indian_heavy_banduqchis","Rajput Banduqchi (Hand-Crafted Long Gun)","india"
"bulga","indian_spear_cav","Risala Lancers","india"
"bulga","indian_bow_cav","Sowar Banduqchi (Matchlock Carbine)","india"
"byzantium","qing_baqi_gunmen","Baqi Gunmen","manchuria"
"byzantium","tib_temple_guard","Black Flag Army","indochina"
"byzantium","byz_armstrong","Cast Iron Cannon","china"
"byzantium","byz_gatling","Gatling Gun","china"
"byzantium","qing_green_banner_archers","Green Banner Archers","china"
"byzantium","qing_green_banner_gunmen","Green Banner Gunmen (Early)","china"
"byzantium","qing_green_banner_horse","Green Banner Horse Squadron","china"
"byzantium","qing_green_banner_regulars","Green Banner Regulars (Mid)","china"
"byzantium","qing_green_banner_spears","Green Banner Spearmen","china"
"byzantium","byz_150mm","Howitzers","china"
"byzantium","tib_horse_archer","Kangba Horse Archers","tibet"
"byzantium","mongols_archer","Manchurian Archers","manchuria"
"byzantium","byz_maxim","Maxim Gun","china"
"byzantium","mongol_bows","Mongol Bowmen","mongolia"
"byzantium","mongol_inf","Mongol Musketeers","mongolia"
"byzantium","byz_5lb","Mortar","china"
"byzantium","byz_12lb","Muzzle-Loading Smoothbore Cannon","china"
"byzantium","qing_new_army","New Army Infantry","china"
"byzantium","oirat_royal","Qing Cavalry","china"
"byzantium","siam_sea_byzantium","Royal Guard","china"
"byzantium","merc_kok_royal_cav","Tartar Cavalry","steppe"
"byzantium","merc_tib_inf","Tibetan Arquebusiers","tibet"
"byzantium","tib_heavy_spear","Tibetan Heavy Spearmen","tibet"
"byzantium","tib_militia","Tibetan Militia","tibet"
"byzantium","merc_tib_noble_cav","Tibetan Noble Horse-Archers","tibet"
"byzantium","tib_roy_inf","Tibetan Noble Infantry","tibet"
"byzantium","tib_tribal_archer","Tibetan Tribal Archers","tibet"
"byzantium","qing_village_braves","Village Braves","china"
"byzantium","qing_xiang_huai_mid","Xiang/Huai Infantry (Mid)","china"
"cru","siam_armstrong","Bronze Field Cannon","siam"
"cru","siam_ele_gunner","Chang Suek Phon Puen","siam"
"cru","siam_agent","Kong Asa","siam"
"cru","Siam_bodyguard","Mae Thap lae Khana","siam"
"cru","siam_maxim","Maxim Gun","siam"
"cru","siam_5lb","Mortar","siam"
"cru","siam_12lb","Muzzle-Loading Smoothbore Cannon","siam"
"cru","fra_vietna","Quan Viet Phu Tro","indochina"
"cru","burmese_inf","Tattha Myanma","indochina"
"cru","Siam_Archers","Thahan Ban","siam"
"cru","siam_inf","Thahan Bok","siam"
"cru","siam_late_inf","Thahan Bok Samai Mai","siam"
"cru","siam_late_cav","Thahan Ma","siam"
"cru","siam_sword_cav","Thahan Ma Krabi","siam"
"cru","siam_sea","Thahan Ruea","siam"
"cuman","camel_wagon","Arava Tosiqlari","kokand"
"cuman","kok_spears","Cherik Nayzadorlar","kokand"
"cuman","buk_guard","Darkhan Ovchilari","kokand"
"cuman","ghulja_inf","Ghulja Tufangchilari","kokand"
"cuman","kok_cav","Jigitlar","kokand"
"cuman","tib_horse_archer","Kangba Horse Archers","tibet"
"cuman","kok_rcav","Qorboshi va Mulozimlar","kokand"
"cuman","kok_inf","Sarbazlar (Late)","kokand"
"cuman","kashgar_inf","Sarbazlar (Mid)","kokand"
"cuman","merc_tib_inf","Tibetan Arquebusiers","tibet"
"cuman","tib_heavy_spear","Tibetan Heavy Spearmen","tibet"
"cuman","tib_militia","Tibetan Militia","tibet"
"cuman","merc_tib_noble_cav","Tibetan Noble Horse-Archers","tibet"
"cuman","tib_roy_inf","Tibetan Noble Infantry","tibet"
"cuman","tib_tribal_archer","Tibetan Tribal Archers","tibet"
"cuman","kok_royal_cav","Turkman Otliqlari","steppe"
"cuman","uyghur_camel_cav","Uygur Tuyachilari","tibet"
"denmark","usa_armstrong","Breech-Loading Rifled Cannon","peru"
"denmark","per_carabineros_torata","Carabineros de Torata","peru"
"denmark","per_cazadores_early","Cazadores (Early)","peru"
"denmark","per_cazadores_high","Cazadores (Late)","peru"
"denmark","per_cazadores_mid","Cazadores (Mid)","peru"
"denmark","usa_gatling","Gatling Gun ","peru"
"denmark","per_general_staff","General y Estado Mayor","peru"
"denmark","per_guard_early","Guardia Nacional (Early)","peru"
"denmark","per_guard_high","Guardia Nacional (Late)","peru"
"denmark","per_guard_mid","Guardia Nacional (Mid)","peru"
"denmark","usa_150mm","Howitzers ","peru"
"denmark","per_husares_junin","Husares de Junin","peru"
"denmark","per_line_early","Infanteria de Linea (Early)","peru"
"denmark","per_line_high","Infanteria de Linea (Late)","peru"
"denmark","per_line_mid","Infanteria de Linea (Mid)","peru"
"denmark","per_marines_high","Infanteria de Marina (Late)","peru"
"denmark","per_marines_mid","Infanteria de Marina (Mid)","peru"
"denmark","per_lanceros_torata","Lanceros de Torata","peru"
"denmark","usa_maxim","Maxim Gun","peru"
"denmark","per_montoneros_early","Montoneros (Early)","peru"
"denmark","per_montoneros_mid","Montoneros (Mid)","peru"
"denmark","usa_5lb","Mortar","peru"
"denmark","usa_12lb","Muzzle-loading Rifled Cannon","peru"
"egypt","qaj_cossack_brigade","Brigad-e Qazzaq","persia"
"egypt","ind_armstrong","Cast Bronze Cannon","persia"
"egypt","qaj_austrian_corps","Fowj-e Otrishi","persia"
"egypt","ind_gatling","Gatling Gun","persia"
"egypt","qaj_horse_guard","Gholaman-e Shah","persia"
"egypt","ind_150mm","Howitzers ","persia"
"egypt","ind_maxim","Maxim Gun","persia"
"egypt","ind_5lb","Mortar","persia"
"egypt","ind_12lb","Muzzle-Loading Smoothbore Cannon","persia"
"egypt","qaj_guard_early","Negahbanan-e Shah (Early)","persia"
"egypt","qaj_guard_high","Negahbanan-e Shah (Late)","persia"
"egypt","qaj_guard_mid","Negahbanan-e Shah (Mid)","persia"
"egypt","qaj_sharpshooters","Neshanzanan-e Shahi","persia"
"egypt","qaj_sarbaz_early","Sarbazan-e Nezam (Early)","persia"
"egypt","qaj_sarbaz_high","Sarbazan-e Nezam (Late)","persia"
"egypt","qaj_sarbaz_mid","Sarbazan-e Nezam (Mid)","persia"
"egypt","qaj_tribal_cavalry","Savaran-e Ashayeri","persia"
"egypt","afghan_militia","Tajik Hillmen","afghanistan"
"egypt","merc_kok_royal_cav","Tartar Cavalry","persia"
"egypt","qaj_tofangchi","Tofangchi-ye Mahalli","persia"
"england","merc_fra_blacks","Askari","sub_sahara"
"england","volunteers_te","Boer Auxililaries","south_africa"
"england","eng_armstrong","Breech-Loading Rifled Cannon","uk"
"england","uk_general","British General and Staff","uk"
"england","col_12lb","Colonial Rifled Muzzle-Loading Cannon","uk"
"england","uk_dragoon_early","Dragoons (Early)","uk"
"england","uk_dragoon_high","Dragoons (Late)","uk"
"england","uk_dragoon_mid","Dragoons (Mid)","uk"
"england","uk_foot_early","Foot (Early)","uk"
"england","uk_foot_high","Foot (Late)","uk"
"england","uk_foot_mid","Foot (Mid)","uk"
"england","uk_guard_early","Foot Guards (Early)","uk"
"england","uk_guard_high","Foot Guards (Late)","uk"
"england","uk_guard_mid","Foot Guards (Mid)","uk"
"england","eng_gatling","Gatling Gun ","uk"
"england","uk_gurkhas_high","Gurkhas (Late)","tibet"
"england","uk_highlanders_early","Highlanders (Early)","scotland"
"england","uk_highlanders_high","Highlanders (Late)","scotland"
"england","uk_highlanders_mid","Highlanders (Mid)","scotland"
"england","eng_150mm","Howitzers ","uk"
"england","uk_hussars_early","Hussars (Early)","uk"
"england","uk_hussars_high","Hussars (Late)","uk"
"england","uk_hussars_mid","Hussars (Mid)","uk"
"england","uk_camel_corps_high","Imperial Camel Corps (Late)","arab"
"england","uk_imperial_foot_early","Imperial Foot (Early)","uk"
"england","uk_imperial_foot_high","Imperial Foot (Late)","uk"
"england","uk_imperial_foot_mid","Imperial Foot (Mid)","uk"
"england","uk_indian_foot_early","Indian Foot (Early)","india"
"england","uk_indian_foot_high","Indian Foot (Late)","india"
"england","uk_indian_foot_mid","Indian Foot (Mid)","india"
"england","uk_indian_lancers","Indian Lancers","india"
"england","merc_eng_for_cav","Khedival Cavalry","egypt"
"england","merc_arab_sailors","Khedival Infantry","egypt"
"england","uk_light_early","Light Foot (Early)","uk"
"england","uk_light_high","Light Foot (Late)","uk"
"england","uk_light_mid","Light Foot (Mid)","uk"
"england","merc_maori_spearmen","Maori Warriors","anzac"
"england","eng_maxim","Maxim Gun","uk"
"england","eng_5lb","Mortar","uk"
"england","eng_12lb","Muzzle-loading Rifled Cannon","uk"
"england","eng_pompom","Pom-pom","uk"
"england","uk_marines_early","Royal Marines (Early)","uk"
"england","uk_marines_high","Royal Marines (Late)","uk"
"england","uk_marines_mid","Royal Marines (Mid)","uk"
"france","merc_fra_blacks","Askari","sub_sahara"
"france","fra_armstrong","Breech-Loading Rifled Cannon","france"
"france","merc_burmese_inf","Burmese Irregulars","indochina"
"france","fra_carabiniers_high","Carabiniers (Late)","france"
"france","fra_chasseurs_cheval","Chasseurs à cheval","france"
"france","fra_chasseurs_mid","Chasseurs à pied (Mid)","france"
"france","col_12lb","Colonial Rifled Muzzle-Loading Cannon","france"
"france","fra_cuirassiers","Cuirassiers","france"
"france","fra_fusiliers_early","Fusiliers (Early)","france"
"france","fra_fusiliers_high","Fusiliers (Late)","france"
"france","fra_marins_mid","Fusiliers marins (Mid)","france"
"france","fra_garde_mobile_early","Garde mobile (Early)","france"
"france","fra_general_staff","Général et état-major","france"
"france","fra_150mm","Howitzers","france"
"france","fra_legion_high","Légion étrangère (Late)","france"
"france","fra_legion_mid","Légion étrangère (Mid)","france"
"france","fra_maxim","Maxim Gun","france"
"france","fra_gatling","Mitrailleuse","france"
"france","fra_5lb","Mortar","france"
"france","fra_12lb","Muzzle-loading Rifled Cannon","france"
"france","fra_guard","Sapeurs","france"
"france","fra_spahis_mid","Spahis (Mid)","arab"
"france","fra_indochinois_high","Tirailleurs indochinois (Late)","indochina"
"france","fra_senegalais_early","Tirailleurs sénégalais (Early)","sub_sahara"
"france","fra_zouaves_early","Zouaves (Early)","arab"
"golden","oma_bedouin_camelry","al-Hajjana al-Badawiyya","arab"
"golden","oma_horse_guard_early","al-Khayyala al-Sultaniyya (Early)","muscat"
"golden","oma_horse_guard_high","al-Khayyala al-Sultaniyya (Late)","muscat"
"golden","oma_regular_early","al-Mushat al-Nizamiyya (Early)","muscat"
"golden","oma_baluchi_musketeers","Asakir al-Balush","arab"
"golden","oma_zanzibar_high","Asakir Zanjibar (Late)","muscat"
"golden","mus_armstrong","Cast Iron Cannon","muscat"
"golden","mus_gatling","Gatling Gun ","muscat"
"golden","oma_palace_guard_early","Haras al-Qasr (Early)","muscat"
"golden","mus_150mm","Howitzers ","muscat"
"golden","mus_maxim","Maxim Gun","muscat"
"golden","mus_5lb","Mortar","muscat"
"golden","mus_12lb","Muzzle-Loading Smoothbore Cannon","muscat"
"golden","merc_zulu_rifles","Tribal Auxiliaries","sub_sahara"
"hre","merc_fra_blacks","Askari","sub_sahara"
"hre","pru_bavarian_fusiliere_mid","Bayerische Füsiliere (Mid)","bavaria"
"hre","pru_bavarian_landwehr_mid","Bayerische Landwehr (Mid)","bavaria"
"hre","rus_armstrong","Breech-Loading Rifled Cannon","prussia"
"hre","pru_general_staff","General und Stab","prussia"
"hre","rus_gatling","Gorlov Gun","prussia"
"hre","pru_hannover_mid","Hannoversche Füsiliere (Mid)","hanover"
"hre","rus_150mm","Howitzers","prussia"
"hre","pru_kolonialreiter_high","Kolonialreiter (Late)","prussia"
"hre","rus_maxim","Maxim Gun","prussia"
"hre","rus_5lb","Mortar","prussia"
"hre","rus_12lb","Muzzle-loading Rifled Cannon","prussia"
"hre","rus_pompom","Pom-pom","prussia"
"hre","pru_dragoner_mid","Preußische Dragoner (Mid)","prussia"
"hre","pru_fusiliere_early","Preußische Füsiliere (Early)","prussia"
"hre","pru_fusiliere_high","Preußische Füsiliere (Late)","prussia"
"hre","pru_gardegrenadiere_early","Preußische Gardegrenadiere (Early)","prussia"
"hre","pru_gardegrenadiere_high","Preußische Gardegrenadiere (Late)","prussia"
"hre","pru_gardegrenadiere_mid","Preußische Gardegrenadiere (Mid)","prussia"
"hre","pru_husaren","Preußische Husaren","prussia"
"hre","pru_jaeger_mid","Preußische Jäger (Mid)","prussia"
"hre","pru_kuerassiere","Preußische Kürassiere","prussia"
"hre","pru_pioniere_early","Preußische Pioniere (Early)","prussia"
"hre","pru_schutztruppe_high","Schutztruppe (Late)","prussia"
"hre","pru_seesoldaten_mid","Seesoldaten (Mid)","prussia"
"hre","pru_sturmpioniere_high","Sturmpioniere (Late)","prussia"
"hre","pru_sturmtruppen_high","Sturmtruppen (Late)","prussia"
"hre","pru_wuerttemberg_mid","Württembergische Füsiliere (Mid)","bavaria"
"hungary","it_royals_hungary","Albanian Guerrillas","albania"
"hungary","aus_lancers","Austrian Uhlans","austria"
"hungary","rom_guard_hungary","Bosniak Regiment","austria,hungary"
"hungary","rus_armstrong","Breech-Loading Rifled Cannon","austria,hungary"
"hungary","bulgarian_inf","Bulgarian Infantry","bulgaria"
"hungary","dan_cav_hungary","Carbineers","austria"
"hungary","rom_cav_hungary","Dragoons","austria"
"hungary","rus_gatling","Gorlov Gun","austria,hungary"
"hungary","kaiserjager","Grenzers ","austria"
"hungary","rus_150mm","Howitzers","austria,hungary"
"hungary","balk_cav","Hussars","austria"
"hungary","dutch_militia","Imperial Infantry","austria"
"hungary","aus_inf3","Jagdkommandos","austria"
"hungary","aus_inf2","k.k. Landwehr","austria"
"hungary","rom_inf","k.u. Honvéd","hungary"
"hungary","aus_jag","k.u.k. Armee","austria"
"hungary","aus_ulhans","k.u.k. General and Staff","austria"
"hungary","austro_sailor","Marines","austria"
"hungary","rus_maxim","Maxim Gun","austria,hungary"
"hungary","rus_5lb","Mortar","austria,hungary"
"hungary","rus_12lb","Muzzle-loading Rifled Cannon","austria,hungary"
"lith","zulu_royals","Amabutho Amadala","zululand"
"lith","zulu_spearmen","Amabutho amaXhosa","zululand"
"lith","zulu_guard","Amabutho amaZulu","zululand"
"lith","zul_armstrong","Cast Bronze Cannon","zululand"
"lith","zul_gatling","Gatling Gun","zululand"
"lith","zulu_rifles","Ibutho Lezibhamu","zululand"
"lith","zulu_elite","iNduna Nezikhulu","zululand"
"lith","zulu_cav","Mounted Zulu Scouts","zululand"
"lith","zul_12lb","Muzzle-Loading Smoothbore Cannon","zululand"
"lith","merc_zulu_rifles","Tribal Auxiliaries","sub_sahara"
"milan","csa_armstrong","Breech-Loading Rifled Cannon","usa"
"milan","csa_sharpshooters","Confederate Sharpshooters (Early)","usa"
"milan","csa_marines","Confederate States Marines (Early)","usa"
"milan","csa_regulars_early","Confederate States Regulars (Early)","anzac,argentina,austria,brazil,cuba,denmark,france,greece,hungary,italy,mexico,netherlands,norway,peru,prussia,russia,s_america,south_africa,spain,sweden,uk,uruguay,usa"
"milan","csa_regulars_high","Confederate States Regulars (Late)","anzac,argentina,austria,brazil,cuba,denmark,france,greece,hungary,italy,mexico,netherlands,norway,peru,prussia,russia,s_america,south_africa,spain,sweden,uk,uruguay,usa"
"milan","csa_regulars_mid","Confederate States Regulars (Mid)","anzac,argentina,austria,brazil,cuba,denmark,france,greece,hungary,italy,mexico,netherlands,norway,peru,prussia,russia,s_america,south_africa,spain,sweden,uk,uruguay,usa"
"milan","csa_gatling","Gatling Gun","usa"
"milan","csa_general_staff","General and Staff","usa"
"milan","csa_150mm","Howitzers","usa"
"milan","csa_louisiana_tigers","Louisiana Tigers (Early)","usa"
"milan","csa_maxim","Maxim Gun","usa"
"milan","csa_5lb","Mortar","usa"
"milan","csa_12lb","Muzzle-loading Rifled Cannon","usa"
"milan","csa_state_cavalry_early","State Cavalry (Early)","usa"
"milan","csa_state_cavalry_high","State Cavalry (Late)","usa"
"milan","csa_state_cavalry_mid","State Cavalry (Mid)","usa"
"milan","csa_state_guard_high","State Guards (Late)","anzac,argentina,austria,brazil,cuba,denmark,france,greece,hungary,italy,mexico,netherlands,norway,peru,prussia,russia,s_america,south_africa,spain,sweden,uk,uruguay,usa"
"milan","csa_state_guard_mid","State Guards (Mid)","anzac,argentina,austria,brazil,cuba,denmark,france,greece,hungary,italy,mexico,netherlands,norway,peru,prussia,russia,s_america,south_africa,spain,sweden,uk,uruguay,usa"
"milan","csa_state_volunteers_early","State Volunteers (Early)","anzac,argentina,austria,brazil,cuba,denmark,france,greece,hungary,italy,mexico,netherlands,norway,peru,prussia,russia,s_america,south_africa,spain,sweden,uk,uruguay,usa"
"milan","csa_virginia_cavalry","Virginia Cavalry","usa"
"mongols","it_royals_mongols","Albanian Guerrillas","albania"
"mongols","armenian_inf","Armenian Irregulars ","armenia"
"mongols","rom_guard","Bosniak Regiment","greece"
"mongols","rus_armstrong","Breech-Loading Rifled Cannon","greece"
"mongols","bulgarian_inf_mongols","Bulgarian Infantry","bulgaria"
"mongols","evzones_inf","Evzones (Mid)","greece"
"mongols","rus_gatling","Gorlov Gun","greece"
"mongols","rus_150mm","Howitzers","greece"
"mongols","balk_cav_mongols","Hussars","greece"
"mongols","rom_cav","Ipparchía Akrovolistón (Late)","greece"
"mongols","greek_guard_cav","Ipparchía Akrovolistón (Mid)","greece"
"mongols","rus_maxim","Maxim Gun","greece"
"mongols","greek_roy","Michanikó (Late)","greece"
"mongols","rus_5lb","Mortar","greece"
"mongols","rus_12lb","Muzzle-loading Rifled Cannon","greece"
"mongols","greek_early_inf","Pezikó (Early)","greece"
"mongols","swed_inf","Pezikó (Late)","greece"
"mongols","fra_hussar_mongols","Stratigós kai Epiteleío","greece"
"moors","mor_abid_early","Abid al-Bukhari (Early)","morocco"
"moors","mor_abid_mid","Abid al-Bukhari (Mid)","morocco"
"moors","mor_general_staff","al-Qaid wa Hayat al-Arkan","morocco"
"moors","mor_askar_early","Askar al-Nizam (Early)","morocco"
"moors","mor_askar_high","Askar al-Nizam (Late)","morocco"
"moors","mor_askar_mid","Askar al-Nizam (Mid)","morocco"
"moors","mus_armstrong","Cast Iron Cannon","morocco"
"moors","mor_makhzen_cav_early","Fursan al-Makhzen (Early)","morocco"
"moors","mor_makhzen_cav_high","Fursan al-Makhzen (Late)","morocco"
"moors","mor_makhzen_cav_mid","Fursan al-Makhzen (Mid)","morocco"
"moors","fra_blacks","Fusiliers-Marins","morocco"
"moors","mus_gatling","Gatling Gun ","morocco"
"moors","mor_hajjana","Hajjana","morocco"
"moors","mor_tribal_levy","Haraka Qabaliyya","morocco"
"moors","mus_150mm","Howitzers ","morocco"
"moors","mor_guich_cavalry","Khiyalat al-Guich","morocco"
"moors","mor_makhzen_early","Makhzeniyya (Early)","morocco"
"moors","mor_makhzen_high","Makhzeniyya (Late)","morocco"
"moors","mor_makhzen_mid","Makhzeniyya (Mid)","morocco"
"moors","mus_maxim","Maxim Gun","morocco"
"moors","mus_5lb","Mortar","morocco"
"moors","mus_12lb","Muzzle-Loading Smoothbore Cannon","morocco"
"moors","mor_rif_early","Rifiyya (Early)","morocco"
"moors","mor_rif_high","Rifiyya (Late)","morocco"
"moors","mor_rif_mid","Rifiyya (Mid)","morocco"
"moors","otto_cav","Sultan's Horse Guard","morocco"
"normans","rus_armstrong","Breech-Loading Rifled Cannon","norway,sweden"
"normans","rus_imp_cav_no","General och stab","sweden"
"normans","rus_gatling","Gorlov Gun","norway,sweden"
"normans","rus_150mm","Howitzers","norway,sweden"
"normans","swe_guard","Jägare (Early)","norway,sweden"
"normans","rus_sib_cossacks_no","Livgardet till häst","sweden"
"normans","fra_carbs_no","Livregementets dragoner (Mid)","sweden"
"normans","euro_hussars_normans","Livregementets husarer","sweden"
"normans","austro_sailor_normans","Marines","sweden"
"normans","rus_maxim","Maxim Gun","norway,sweden"
"normans","rus_5lb","Mortar","norway,sweden"
"normans","rus_12lb","Muzzle-loading Rifled Cannon","norway,sweden"
"normans","swed_roy","Norsk linjeinfanteri (Early)","norway"
"normans","norwegian_inf","Norsk linjeinfanteri (Late)","norway"
"normans","swed_inf2","Svenskt linjeinfanteri (Early)","sweden"
"normans","rus_cos_guard_no","Svenskt linjeinfanteri (Mid)","sweden"
"papal_states","eth_rifled_gun","Captured Rifled Field Gun","sub_sahara"
"papal_states","sho_gatling","Gatling Gun","sub_sahara"
"papal_states","sho_150mm","Howitzers ","sub_sahara"
"papal_states","eth_maxim","Maxim Detachment","sub_sahara"
"papal_states","sho_5lb","Mortar","sub_sahara"
"poland","bra_foot","Atiradores","brazil"
"poland","bra_atiradores_high","Atiradores (Late)","brazil"
"poland","bra_engineers_high","Batalhão de Engenheiros (Late)","brazil"
"poland","bra_engineers_mid","Batalhão de Engenheiros (Mid)","brazil"
"poland","fra_hussar_po","Brazilian General and Staff","brazil"
"poland","fra_armstrong","Breech-Loading Rifled Cannon","brazil"
"poland","boer_guard_po","Caçadores","brazil"
"poland","bra_cacadores_early","Caçadores (Early)","brazil"
"poland","bra_cacadores_mid","Caçadores (Mid)","brazil"
"poland","fra_cav_poland","Carabiniers (Late)","brazil"
"poland","bra_cavalry_early","Cavalaria de Linha (Early)","brazil"
"poland","bra_dragoons_high","Dragões (Late)","brazil"
"poland","bra_dragoons_mid","Dragões (Mid)","brazil"
"poland","fra_pith_poland","Fusiliers (Late)","brazil"
"poland","fra_inf","Fuzileiros (Early)","brazil"
"poland","bra_general_staff","General e Estado-Maior","brazil"
"poland","bra_guard_early","Guarda Nacional (Early)","brazil"
"poland","bra_guard_high","Guarda Nacional (Late)","brazil"
"poland","bra_guard_mid","Guarda Nacional (Mid)","brazil"
"poland","fra_150mm","Howitzers","brazil"
"poland","fra_guard_po","Imperial Guard","brazil"
"poland","bra_line_early","Infantaria de Linha (Early)","brazil"
"poland","bra_line_mid","Infantaria de Linha (Mid)","brazil"
"poland","bra_line_high","Infantaria do Exército (Late)","brazil"
"poland","bra_marines_mid","Marinheiros Imperiais (Mid)","brazil"
"poland","fra_maxim","Maxim Gun","brazil"
"poland","fra_gatling","Mitrailleuse","brazil"
"poland","fra_5lb","Mortar","brazil"
"poland","fra_12lb","Muzzle-loading Rifled Cannon","brazil"
"poland","uk_knights","Regiment of Horse","brazil"
"poland","merc_uru_inf","Uruguayan Infantry","uruguay"
"poland","bra_volunteers_early","Voluntários da Pátria (Early)","brazil"
"poland","bra_zuavos_early","Zuavos Baianos (Early)","brazil"
"portugal","eng_armstrong","Breech-Loading Rifled Cannon","netherlands"
"portugal","col_12lb","Colonial Rifled Muzzle-Loading Cannon","netherlands"
"portugal","l_pith_cav_portugal","Dragonders","netherlands"
"portugal","eng_gatling","Gatling Gun ","netherlands"
"portugal","balk_cav_nl","Generaal en Staf","netherlands"
"portugal","nl_roy","Grenadiers (Early)","netherlands"
"portugal","eng_150mm","Howitzers ","netherlands"
"portugal","nl_carbs","Huzaren","netherlands"
"portugal","dutch_inf","Infanterie van Linie (Early)","netherlands"
"portugal","dutch_pith","Infanterie van Linie (Late)","netherlands"
"portugal","dutch_ww1","Infanterie van Linie (Late)","netherlands"
"portugal","dutch_askari2","Koninklijk Nederlands-Indisch Leger (Early)","east_indies"
"portugal","dutch_askari","Koninklijk Nederlands-Indisch Leger (Late)","east_indies"
"portugal","nl_colonial","Korps Mariniers (Mid)","netherlands"
"portugal","eng_maxim","Maxim Gun","netherlands"
"portugal","eng_5lb","Mortar","netherlands"
"portugal","eng_12lb","Muzzle-loading Rifled Cannon","netherlands"
"portugala","usa_armstrong","Breech-Loading Rifled Cannon","usa"
"portugala","usa_gatling","Gatling Gun ","usa"
"portugala","uni_general_staff","General and Staff","usa"
"portugala","usa_150mm","Howitzers ","usa"
"portugala","uni_indian_scout_cavalry","Indian Scout Cavalry","amerindian"
"portugala","uni_indian_scouts","Indian Scouts","amerindian"
"portugala","uni_irish_brigade_early","Irish Brigade (Early)","usa"
"portugala","usa_maxim","Maxim Gun","usa"
"portugala","usa_5lb","Mortar","usa"
"portugala","usa_12lb","Muzzle-loading Rifled Cannon","usa"
"portugala","uni_national_guard_high","National Guard (Late)","anzac,argentina,austria,brazil,cuba,denmark,france,greece,hungary,italy,mexico,netherlands,norway,peru,prussia,russia,s_america,south_africa,spain,sweden,uk,uruguay,usa"
"portugala","uni_national_guard_mid","National Guard (Mid)","anzac,argentina,austria,brazil,cuba,denmark,france,greece,hungary,italy,mexico,netherlands,norway,peru,prussia,russia,s_america,south_africa,spain,sweden,uk,uruguay,usa"
"portugala","usa_pompom","Pom-pom","usa"
"portugala","uni_state_volunteers_early","State Volunteers (Early)","anzac,argentina,austria,brazil,cuba,denmark,france,greece,hungary,italy,mexico,netherlands,norway,peru,prussia,russia,s_america,south_africa,spain,sweden,uk,uruguay,usa"
"portugala","uni_volunteer_cavalry_early","Union Volunteer Cavalry (Early)","usa"
"portugala","uni_colored_troops_early","United States Colored Troops (Early)","usa"
"portugala","uni_dragoons_early","United States Dragoons (Early)","usa"
"portugala","uni_dragoons_high","United States Dragoons (Late)","usa"
"portugala","uni_dragoons_mid","United States Dragoons (Mid)","usa"
"portugala","uni_marines_early","United States Marines (Early)","usa"
"portugala","uni_marines_high","United States Marines (Late)","usa"
"portugala","uni_marines_mid","United States Marines (Mid)","usa"
"portugala","uni_regulars_high","United States Regulars (Late)","anzac,argentina,austria,brazil,cuba,denmark,france,greece,hungary,italy,mexico,netherlands,norway,peru,prussia,russia,s_america,south_africa,spain,sweden,uk,uruguay,usa"
"portugala","uni_regulars_mid","United States Regulars (Mid)","anzac,argentina,austria,brazil,cuba,denmark,france,greece,hungary,italy,mexico,netherlands,norway,peru,prussia,russia,s_america,south_africa,spain,sweden,uk,uruguay,usa"
"portugala","uni_sharpshooters_early","United States Sharpshooters (Early)","usa"
"portugala","uni_zouaves_early","Zouave Volunteers (Early)","usa"
"russia","armenian_inf_russia","Armenian Irregulars ","armenia"
"russia","rus_armstrong","Breech-Loading Rifled Cannon","russia"
"russia","bulgarian_inf_russia","Bulgarian Infantry","bulgaria"
"russia","rus_georgian_cav","Caucasian Cavalry","georgia"
"russia","rus_cos_hussar","Cossack Cavalry (Late)","steppe"
"russia","rus_gen_cav","Cossacks","russia"
"russia","rus_roy_cav_ru","Dragoons","russia"
"russia","georgian_inf_russia","Georgian Militia","georgia"
"russia","rus_gatling","Gorlov Gun","russia"
"russia","rus_150mm","Howitzers","russia"
"russia","rus_cos_guard_ru","Leib Guard ","russia"
"russia","rus_maxim","Maxim Gun","russia"
"russia","rus_5lb","Mortar","russia"
"russia","rus_12lb","Muzzle-loading Rifled Cannon","russia"
"russia","rus_sailors","Naval Infantry","russia"
"russia","rus_imp_cav","Russian General and Staff","russia"
"russia","rus_conscript_ru","Russian Infantry (Early)","russia"
"russia","rus_guard","Russian Infantry (Late)","russia"
"russia","rus_roy_inf_ru","Russian Skirmishers","russia"
"russia","rus_conscript","Siberian Riflemen (Early)","siberia"
"russia","rus_lat_inf_ru","Siberian Riflemen (Late)","siberia"
"russia","russ_inf","Udarniki Pionery","russia"
"saxons","Japan Byakkotai","Aizu Byakkotai","east_indies"
"saxons","Japan Suzakutai","Aizu Suzakutai","east_indies"
"saxons","Japan Suzakutai 1870","Aizu Suzakutai (1870s)","east_indies"
"saxons","Japan Ryukihei Shogun 1870","Bakufu Ryukihei (1870)","east_indies"
"saxons","Japan Battotai","Battotai","east_indies"
"saxons","Japan Armstrong Han","Breech-Loading Rifled Cannon","east_indies"
"saxons","jap_armstrong","Cast Iron Cannon","east_indies"
"saxons","Japan Kiheitai","Choshu Kiheitai","east_indies"
"saxons","Japan Shotai","Choshu Shotai","east_indies"
"saxons","Japan Denshutai","Denshutai","east_indies"
"saxons","Japan Denshutai 1870","Denshutai (1870s)","east_indies"
"saxons","Japan Denshutai Kihei","Denshutai Kihei","east_indies"
"saxons","Japan Hokokutai","Enshu Hokokutai","east_indies"
"saxons","sho_gatling","Gatling Gun","east_indies"
"saxons","Japan Goshimpei 1870","Goshimpei (1870s)","east_indies"
"saxons","Japan Goshimpei Hohei 1870","Goshimpei Hohei (1870s)","east_indies"
"saxons","Japan Goshimpei Kihei 1870","Goshimpei Kihei (1870s)","east_indies"
"saxons","Japan Hoppo Keibitai 1870","Hoppo Keibitai (1870s)","east_indies"
"saxons","Japan Kachi","Kachi","east_indies"
"saxons","Japan Kaiso Shinsengumi","Kaiso Shinsengumi","east_indies"
"saxons","Japan Keishitai 1870","Keishitai (1870s)","east_indies"
"saxons","Japan Raijintai","Kuwana Raijintai","east_indies"
"saxons","jap_12lb","Muzzle-Loading Rifled Cannon","east_indies"
"saxons","sho_12lb","Muzzle-Loading Rifled Cannon","east_indies"
"saxons","Japan Nagaoka Hoheitai","Nagaoka Hoheitai","east_indies"
"saxons","Japan Revolver Kihei Han","Revolver Kihei","east_indies"
"saxons","Japan Saga Hoheitai","Saga Yuheitai","east_indies"
"saxons","Japan Sampeitai","Sampeitai","east_indies"
"saxons","Japan Shohotai","Sampeitai (1870s)","east_indies"
"saxons","Japan Revolver Kihei","Sampeitai Kihei","east_indies"
"saxons","Japan Satsuma Hoheitai","Satsuma Shojutai","east_indies"
"saxons","Japan Seishi","Seishi","east_indies"
"saxons","Japan Gakuheitai","Sendai Gakuheitai","east_indies"
"saxons","Japan Karasugumi","Sendai Karasugumi","east_indies"
"saxons","Japan Shinsengumi","Shinsengumi","east_indies"
"saxons","Japan Shinsenryodan","Shinsenryodan","east_indies"
"saxons","Japan Shogitai","Shogitai","east_indies"
"saxons","Japan Rikuguntai 1870","Teikoku Rikuguntai (1870s)","east_indies"
"saxons","Japan Rikusentai 1870","Teikoku Rikusentai (1870s)","east_indies"
"saxons","Japan Ryukihei 1870","Teikoku Ryukihei (1870)","east_indies"
"saxons","Japan Teppotai","Teppotai","east_indies"
"saxons","Japan Tondenhei 1870","Tondenhei (1870s)","east_indies"
"saxons","Japan Jinshotai","Tosa Jinshotai","east_indies"
"saxons","Japan Yamagunitai","Yamagunitai","east_indies"
"saxons","Japan Yumitai","Yumitai","east_indies"
"scotland","fra_armstrong","Breech-Loading Rifled Cannon","mexico"
"scotland","mex_carbineers_early","Carabineros (Early)","mexico"
"scotland","mex_carbineers_high","Carabineros (Late)","mexico"
"scotland","mex_carbineers_mid","Carabineros (Mid)","mexico"
"scotland","mex_cazadores_early","Cazadores (Early)","mexico"
"scotland","mex_cazadores_mid","Cazadores (Mid)","mexico"
"scotland","mex_general_staff","General y Estado Mayor","mexico"
"scotland","mex_natl_guard","Guardia Nacional (Early)","mexico"
"scotland","mex_state_guard_mid","Guardia Nacional (Mid)","mexico"
"scotland","fra_150mm","Howitzers","mexico"
"scotland","mex_federal_early","Infantería Federal (Early)","mexico"
"scotland","mex_army","Infantería Federal (Late)","mexico"
"scotland","mex_federal_mid","Infantería Federal (Mid)","mexico"
"scotland","mex_provincial_levies","Levas Provinciales","mexico"
"scotland","fra_maxim","Maxim Gun","mexico"
"scotland","fra_gatling","Mitrailleuse","mexico"
"scotland","fra_5lb","Mortar","mexico"
"scotland","fra_12lb","Muzzle-loading Rifled Cannon","mexico"
"sicily","fra_armstrong","Breech-Loading Rifled Cannon","denmark"
"sicily","dan_dragoon_early","Dragoner (Early)","denmark"
"sicily","dan_dragoon_high","Dragoner (Late)","denmark"
"sicily","dan_fod_early","Fod (Early)","denmark"
"sicily","dan_fod_mid","Fod (Mid)","denmark"
"sicily","dan_general","General og stab","denmark"
"sicily","fra_150mm","Howitzers","denmark"
"sicily","dan_light_early","Lette Fod (Early)","denmark"
"sicily","dan_guard_high","Livgarden (Late)","denmark"
"sicily","fra_maxim","Maxim Gun","denmark"
"sicily","fra_gatling","Mitrailleuse","denmark"
"sicily","fra_5lb","Mortar","denmark"
"sicily","fra_12lb","Muzzle-loading Rifled Cannon","denmark"
"spain","merc_fra_blacks","Askari","sub_sahara"
"spain","fra_armstrong","Breech-Loading Rifled Cannon","spain"
"spain","spa_col_cav_mid","Caballería Indígenas (Mid)","east_indies"
"spain","spa_cav_high","Carabineros (Late)","spain"
"spain","spa_caz_early","Cazadores (Early)","spain"
"spain","spa_cuirassiers_early","Coracero (Early)","spain"
"spain","cuban_inf_high","Cuban Infantry (Late)","cuba"
"spain","spa_inf_early","Fusileros (Early)","spain"
"spain","spa_inf_high","Fusileros (Late)","spain"
"spain","civil_guard","General y Estado Mayor","spain"
"spain","spa_milicia_nacional_early","Guardia Civil (Early)","spain"
"spain","fra_150mm","Howitzers","spain"
"spain","austro_sailor_spain_mid","Infantería de Marina (Mid)","spain"
"spain","spa_col_inf_early","Infantería Indígenas (Early)","spain"
"spain","spa_col_inf_high","Infantería Indígenas (Late)","spain"
"spain","euro_hussars","Lanceros","spain"
"spain","fra_maxim","Maxim Gun","spain"
"spain","fra_gatling","Mitrailleuse","spain"
"spain","fra_5lb","Mortar","spain"
"spain","fra_12lb","Muzzle-loading Rifled Cannon","spain"
"teu","boer_mounted_kommando_early","Berede Boerekommando (Early)","south_africa"
"teu","boer_mounted_kommando_high","Berede Boerekommando (Late)","south_africa"
"teu","boer_mounted_kommando_mid","Berede Boerekommando (Mid)","south_africa"
"teu","boer_kommando_early","Boerekommando (Early)","south_africa"
"teu","boer_kommando_high","Boerekommando (Late)","south_africa"
"teu","boer_kommando_mid","Boerekommando (Mid)","south_africa"
"teu","csa_armstrong","Breech-Loading Rifled Cannon","south_africa"
"teu","csa_gatling","Gatling Gun","south_africa"
"teu","csa_lancer_te","Generaal en Staf","south_africa"
"teu","csa_150mm","Howitzers","south_africa"
"teu","boer_wagon","Laer","south_africa"
"teu","csa_maxim","Maxim Gun","south_africa"
"teu","csa_5lb","Mortar","south_africa"
"teu","csa_12lb","Muzzle-loading Rifled Cannon","south_africa"
"teu","csa_pompom","Pom-pom","south_africa"
"teu","us_farmers","State Militia","south_africa"
"teu","boer_guard","Transvaalse Skerpskutters","south_africa"
"teu","merc_zulu_rifles","Tribal Auxiliaries","sub_sahara"
"timurids","ind_armstrong","Cast Bronze Cannon","afghanistan"
"timurids","ind_gatling","Gatling Gun","afghanistan"
"timurids","ind_150mm","Howitzers ","afghanistan"
"timurids","afg_tajik_hillmen","Jezailchiyan-e Tajik","afghanistan"
"timurids","afg_ghilzai_nobles","Khanan-e Ghilzai","afghanistan"
"timurids","afg_lashkar_qawmi","Lashkar-e Qawmi","afghanistan"
"timurids","ind_maxim","Maxim Gun","afghanistan"
"timurids","ind_5lb","Mortar","afghanistan"
"timurids","ind_12lb","Muzzle-Loading Smoothbore Cannon","afghanistan"
"timurids","afg_kabul_guard_high","Negahbanan-e Kabul (Late)","afghanistan"
"timurids","afg_sharpshooters_high","Neshanzanan-e Afghani (Late)","afghanistan"
"timurids","afg_regular_early","Sarbazan-e Nizami (Early)","afghanistan"
"timurids","afg_regular_high","Sarbazan-e Nizami (Late)","afghanistan"
"timurids","afg_regular_mid","Sarbazan-e Nizami (Mid)","afghanistan"
"timurids","afg_regular_cavalry","Savaran-e Nizami","afghanistan"
"timurids","afg_tribal_cavalry","Savaran-e Qawmi","afghanistan"
"timurids","afg_pashtun_camelry","Shutur-savaran-e Pashtun","afghanistan"
"timurids","afg_general_staff","Sipahsalar va Setad","afghanistan"
"timurids","indian_bow_cav","Sowar Banduqchi (Matchlock Carbine)","india"
"timurids","afg_pashtun_wall_gunners","Tufangchiyan-e Pashtun","afghanistan"
"turks","moroccan_gunner","Arab Tribesmen ","arab"
"turks","bashi_inf","Bashi-Bazouks","ottoman"
"turks","moroccan_camel_gunner","Bedouin Camelry","arab"
"turks","mus_armstrong","Cast Iron Cannon","ottoman"
"turks","turk_lt2","Egyptian Guard","ottoman"
"turks","arab_sailors","Egyptian Infantry","ottoman"
"turks","turk_lt","Ertugrul Regiment","ottoman"
"turks","fra_blacks_turks","Fusiliers-Marins","ottoman"
"turks","mus_gatling","Gatling Gun ","ottoman"
"turks","ertu_cav","Hamidiye Cavalry (Late)","ottoman"
"turks","mus_150mm","Howitzers ","ottoman"
"turks","mus_maxim","Maxim Gun","ottoman"
"turks","mus_5lb","Mortar","ottoman"
"turks","arab_brigade","Mustahfiz (Early)","ottoman"
"turks","mus_12lb","Muzzle-Loading Smoothbore Cannon","ottoman"
"turks","otto_jan_inf","Nizamiye (Early)","ottoman"
"turks","otto_inf_tu","Nizamiye (Late)","ottoman"
"turks","otto_cav_tu","Süvari (Early)","ottoman"
"venice","it_royals","Albanian Guerrillas","albania"
"venice","it_arditi","Alpini ","italy"
"venice","dan_inf_ve","Arditi (Early)","italy"
"venice","merc_fra_blacks","Askari","sub_sahara"
"venice","eng_armstrong","Breech-Loading Rifled Cannon","italy"
"venice","it_carbs","Carabinieri","italy"
"venice","eng_gatling","Gatling Gun ","italy"
"venice","eng_150mm","Howitzers ","italy"
"venice","it_pistoleer","Italian General and Staff","italy"
"venice","rus_cos_guard_ve","Italian Infantry (Early)","italy"
"venice","it_bers","Italian Infantry (Late)","italy"
"venice","euro_hussars_venice","Lancers","italy"
"venice","libya_inf","Libyan Infantry","arab"
"venice","eng_maxim","Maxim Gun","italy"
"venice","eng_5lb","Mortar","italy"
"venice","eng_12lb","Muzzle-loading Rifled Cannon","italy"
"venice","us_front_inf_it","Risorgimento Volunteers","italy"
