"RegionKey","RegionName","SettlementKey","SettlementName","Owner","Resources"
"Dakota_Province","Great Lake States","Dakota","Chicago","portugala","usa"
"Zhengding_Province","American Midwest","Zhengding","Omaha","portugala","usa, amerindian"
"Apache_Province","Virginia","Apache","Richmond","milan","csa, usa"
"Granada_Province","Southeast States","Granada","Atlanta","milan","csa, usa"
"Abenaki_Province","New England","Abenaki","Boston","portugala","usa"
"Algarve_Province","Mid-Atlantic States","Silves","New York","portugala","usa"
"Corinth_Province","Pennsylvania","Corinth","Washington DC","hungary","usa, csa"
"Tualatin_Province","Pacific Northwest","Tualatin","Portland","portugala","usa, amerindian"
"Tongva_Province","California","Tongva","San Francisco","portugala","usa, amerindian"
"Kansas_Province","Kansas Territory","Kansas","Tulsa","portugala","usa, amerindian"
"Utah_Province","South West Territorries","Utah","Salt Lake City","portugala","usa, amerindian"
"Nuevo_Mexico_Province","New Mexico Territory","Nuevo_Mexico","Tuscon","portugala","usa, amerindian"
"Augustine_Province","Florida","Augustine","Savannah","milan","csa, usa"
"Choctaw_Province","Louisiana","Choctaw","New Orleans","milan","csa, usa"
"Comanche_Province","Texas","Comanche","Houston","milan","csa, usa, amerindian"
"Alaska_Province","Alaska","Anchorage","Fort St Constantine","russia","amerindian, usa, russia"
"Arctic_Province","North-Western Territory","Inuit","Yellowknife","england","amerindian, canada"
"Ruperts_land_Province","Rupert's Land","York_factory","York Factory","england","amerindian, canada"
"Quebec_Province","Canada","Quebec","Montreal","england","canada"
"Lodz_Province","British Columbia","Lodz","Vancouver","england","amerindian, canada"
"Xining_Province","Qinghai","Xining","Xining","byzantium","steppe"
"Yinchuan_Province","Inner Mongolia","Yinchuan","Lanzhou","byzantium","steppe, mongolia, china"
"Beijing_Province","Zhili","Beijing","Peking","byzantium","manchuria, china"
"Xian_Province","Shaan-Gan","Xian","Xi'an","byzantium","china"
"Zhengzhou_Province","Angola","Zhengzhou","Luanda","spain","sub_sahara"
"Nanjing_Province","Liangjiang","Nanjing","Nanking","byzantium","china"
"Hankou_Province","Interior South Africa","Hankou","Bulawayo","lith","sub_sahara, south_africa"
"Kunming_Province","Yunnan","Kunming","Kunming","byzantium","china"
"Chengdu_Province","Sichuan","Chengdu","Chengdu","byzantium","china"
"Guiyang_Province","Huguang","Guiyang","Guiyang","byzantium","china"
"Fuzhou_Province","Min-Zhe","Fuzhou","Fuzhou","byzantium","china"
"Guangzhou_Province","Hong Kong","Guangzhou","Hong Kong","byzantium","china"
"Qarshi_Province","North Korea","Qarshi","Pyongyang","byzantium","none"
"Korea_Province","South Korea","Korea","Hanseong","byzantium","none"
"Mexico_Province","Central Mexico","Mexico","Mexico City","scotland","mexico, s_america"
"Galicie_Province","Northern Mexico","Galicie","Monterrey","scotland","mexico, s_america"
"Veracruz_Province","Southern Mexico","Veracruz","Veracruz","scotland","mexico, s_america"
"Bolgar_Province","Central America","Bolgar","Guatemala","scotland","s_america"
"Panama_Province","Panama","Panama","Panama","scotland","s_america"
"Havana_Province","Cuba","Havana","Havana","spain","cuba, s_america"
"Santa_Marta_Province","Venezuela","Santa_Marta","Caracas","denmark","s_america"
"Cholula_Province","New Grenada","Cholula","Bogotá","denmark","s_america"
"Peru_Province","Northern Peru","Lima","Lima","denmark","s_america, peru"
"South_Peru_Province","Southern Peru","Cuzco","Cuzco","denmark","s_america, peru"
"Bolivia_Province","Bolivia","Lapaz","La Paz","denmark","s_america"
"Paraguay_Province","Paraguay","Asuncion","Asunción","aztecs","s_america, paraguay"
"Cuzco_Province","Atacama","Antofagasta","Antofagasta","aztecs","s_america"
"Moravie_Province","Chile","Moravie","Santiago","aztecs","s_america"
"Sao_Paulo_Province","Uruguay","Sao_Paulo","Montevideo","aztecs","s_america, uruguay"
"Rio_Plata_Province","Argentina","Buenos_Aires","Buenos Aires","aztecs","s_america"
"Rio_Negro_Province","Patagonia","Rio_Negro","Bahia Blanca","aztecs","s_america, argentina"
"Salvador_Province","Northern Brazil","Salvador","Salvador","poland","s_america, brazil"
"Rio_Janeiro_Province","Southern Brazil","Rio_Janeiro","Rio de Janeiro","poland","s_america, brazil"
"Potosi_Province","Amazonas","Potosi","Manaus","poland","s_america, brazil"
"W_aust_Province","West Australia","Perth","Perth","england","anzac"
"Lan_na_Province","North Australia","Chiang_mai","Brisbane","england","anzac"
"New_zealand_Province","New Zealand","Wellington","Wellington","england","anzac"
"Gujerat_Province","South Australia","Ahmadabad","Sydney","england","anzac"
"Ayudhya_Province","Siam","Bangkok","Bangkok","cru","siam, indochina"
"Taungoo_Province","Burma","Taungoo","Mandalay","cru","indochina, india"
"Vietnam_Province","North Vietnam","Ha_noi","Hanoi","cru","indochina"
"Lang_sang_Province","Laos","Vianga_chan","Luang Prabang","cru","indochina"
"Cambodia_Province","Cambodia","Angkor","Phnom Penh","cru","indochina"
"Malaysia_Province","Malaya","Kuala_lumpur","Malacca","byzantium","east_indies, indochina"
"Brunei_Province","Sarawak","Sarawak","Kuching","cru","east_indies"
"Java_Province","Java","Jakarta","Batavia","cru","east_indies"
"Papua_Province","New Guinea","Jayapura","Port Moresby","england","none"
"Philipines_Province","Philippines","Philipines","Manila","byzantium","east_indies"
"Hamburg_Province","Hanover","Hamburg","Hamburg","hre","hanover, europe"
"Bern_Province","Switzerland","Bern","Zurich","hre","prussia, europe"
"Hohenstauffen_Province","Rhineland","Hohenstauffen","Cologne","hre","prussia, europe"
"Baviere_Province","Bavaria","Baviere","Munich","hre","europe, bavaria"
"Magdeburg_Province","Brandenburg","Magdeburg","Berlin","hre","prussia, europe"
"Zaragoza_Province","Catalonia","Zaragoza","Barcelona","spain","europe, spain"
"Leon_Province","Galicia","Leon","Compostela","spain","europe, spain"
"Toledo_Province","Castille-Aragon","Burgos","Madrid","spain","europe, spain"
"Cordoba_Province","Andalusia","Cordoba","Seville","spain","europe, spain"
"Hollande_Province","Netherlands","Hollande","Amsterdam","portugal","europe, netherlands"
"Lisbon_Province","Portugal","Lisbon","Porto","spain","europe"
"Jamaica_Province","Jamaica","Kingston","Kingston","england","amerindian"
"Paris_Province","Northern France","Paris","Paris","france","europe, france"
"Dijon_Province","Burgundy","Lyon","Lyon","france","europe, france"
"Bordeaux_Province","Aquitaine","Bordeaux","Bordeaux","france","europe, france"
"Marseille_Province","Southern France","Marseille","Marseille","france","europe, france"
"Milan_Province","Lombardy","Milan","Milan","venice","europe, italy"
"Venice_Province","Venetia","Venice","Venice","venice","austria, italy, europe"
"Sudan_Province","Sudan","Khartoum","Khartoum","golden","arab, sub_sahara"
"Roman_Province","Central Italy","Rome","Rome","venice","europe, italy"
"Cagliari_Province","Sicily","Cagliari","Palermo","venice","europe, italy"
"Naples_Province","Southern Italy","Naples","Naples","venice","europe, italy"
"Edinburgh_Province","Scotland","Edinburgh","Edinburgh","england","scotland, uk, europe"
"Angleterre_Province","Southern England","Londres","London","england","uk, europe"
"York_Province","Northern England","York","Manchester","england","uk, europe"
"Islande_Province","Ireland","Islande","Dublin","scotland","uk, europe"
"Arhus_Province","Denmark","Arhus","Copenhagen","sicily","europe, denmark"
"Vestlandet_Province","Southern Norway","Stavenger","Bergen","normans","norway, europe"
"Tromso_Province","Northern Norway","Tromso","Trondheim","normans","norway, europe"
"Nuuk_Province","Malta","Godthab","Valletta","venice","europe"
"Stockholm_Province","Sweden","Birka","Stockholm","normans","sweden, europe"
"NFinlande_Province","Finland","NFinlande","Gel'singfors","russia","russia, europe"
"Laponie_Province","Kola","Muramamsk","Kola","russia","russia, europe"
"Prague_Province","Bohemia","Prague","Prague","hungary","europe, austria"
"Innsbruck_Province","Austria","Vienne","Vienna","hungary","europe, austria"
"Cracow_Province","Galicia and Lodomeria","Cracow","Lamberg","hungary","europe, austria"
"Pomeranie_Province","Poland-Lithuania","Pomeranie","Vilna","russia","russia, europe"
"Kiev_Province","Ukraine","Kiev","Kiev","russia","russia, europe"
"Smolensk_Province","Byelorussia","Smolensk","Smolensk","russia","russia, europe"
"Estonie_Province","Kyushu","Reval","Kagoshima","saxons","japan"
"Tejo_Province","East Prussia","Lisboa","Königsberg","hre","prussia, europe"
"Riga_Province","Baltics","Riga","Riga","hre","russia, europe"
"Buda_Province","Hungary","Buda","Budapest","hungary","europe, hungary"
"Brann_Province","Romania","Brann","Bucharest","hungary","europe, hungary"
"Mesie_Province","Illyria","Belgrad","Belgrade","hungary","albania"
"Sofia_Province","Bulgaria","Sofia","Sofia","mongols","ottoman, bulgaria"
"Constantinople_Province","Marmara","Constantinople","Constantinople","turks","ottoman, greece"
"Thessalonica_Province","Macedonia","Thessalonica","Thessaloniki","mongols","ottoman, greece, bulgaria"
"Hellenie_Province","Greece","Hellenie","Athens","mongols","greece"
"Novgorod_Province","Northwestern Russia","Novgorod","St Petersburg","russia","russia, europe"
"Volgograd_Province","Guinea","Volgograd","Monrovia","portugala","sub_sahara"
"Moscou_Province","Central Russia","Moscou","Moscow","russia","russia, europe"
"Iaroslavl_Province","Celebes","Iaroslavl","Makasar","cru","east_indies"
"Arkhangelsk_Province","Northern Russia","Arkhangelsk","Pustozersk","russia","russia"
"Ufa_Province","Volga","Ufa","Kazan","russia","russia, steppe"
"Tyumen_Province","Ural","Tyumen","Tyumen","russia","russia, steppe"
"Siberia_Province","Western Siberia","Siberia","Nadym","russia","siberia, steppe"
"Caffa_Province","Novorussia","Caffa","Sevastopol","russia","fish, russia"
"Kyptchak_Province","Western Kazakhstan","Kyptchak","Guryev","russia","russia, steppe"
"Sarkel_Province","Caucasia","Sarkel","Astrakhan","russia","russia, europe"
"Tibet_Province","Tibet","Tibet","Lhasa","cuman","tibet"
"Turfan_Province","Dzungaria","Turfan","Urumqi","cuman","steppe"
"Karakorum_Province","Outer Mongolia","Karakorum","Urga","cuman","mongolia, steppe"
"Ulan_Bator_Province","Eastern Mongolia","Ulan_Bator","Bayan Tumen","cuman","mongolia, steppe"
"Irkutsk_Province","Baikalia","Irkutsk","Irkutsk","cuman","steppe, siberia, mongolia"
"Ulan_Ude_Province","Transbaikal","Ulan_Ude","Verkhneudinsk","russia","steppe, siberia, mongolia"
"Shen_Province","Manchuria","Shenyang","Jilin","byzantium","manchuria, steppe"
"Khabarovsk_Province","Siberia","Boli","Vladivostok","russia","steppe, siberia, manchuria"
"Antioch_Province","Syria","Antioch","Aleppo","turks","middle_east, arab, ottoman"
"Jerusalemb_Province","Orange Free State","Jerusalemb","Bloemfontein","teu","sub_sahara, south_africa"
"Damascus_Province","Levant","Damascus","Damascus","golden","middle_east, arab, ottoman"
"Domrep_Province","Hispaniola","Sandom","Santo Domingo","spain","cuba, s_america"
"Smyrna_Province","Aegean","Smyrna","Smyrna","turks","none"
"Anatolie_Province","Central Anatolia","Konia","Kayseri","turks","middle_east, ottoman"
"Trebizond_Province","Black Sea Coast","Trebizond","Trebizond","turks","middle_east, ottoman"
"Mecca_Province","Hejaz","Mecca","Mecca","golden","middle_east, arab"
"Arabie_Province","Nejd","Arabie","Riyadh","golden","middle_east, arab"
"Yemen_Province","Yemen","Yemen","Sana'a","turks","middle_east, arab"
"Qatar_Province","Oman","Qatar","Muscat","golden","middle_east, arab, muscat"
"Yerevan_Province","Kurdistan","Manzikirt","Van","turks","middle_east, arab, ottoman, armenia"
"Baghdad_Province","Mesopotamia","Baghdad","Baghdad","golden","middle_east, arab, ottoman"
"Baku_Province","Transcaucasia","Baku","Tiflis","egypt","georgia, armenia, russia, ottoman"
"Korasan_Province","Transcaspian","Korasan","Merv","cuman","steppe, kokand, russia"
"Khwarzam_Province","Khiva","Urgentch","Khiva","cuman","steppe, kokand, russia"
"Tashkent_Province","Ferghana","Tashkent","Tashkent","cuman","steppe, kokand, russia"
"Bukhara_Province","Bukhara","Bukhara","Bukhara","cuman","steppe, russia"
"Arqin_Province","Eastern Kazakhstan","Arqin","Akmolinsk","cuman","steppe, russia"
"Astana_Province","Syr Darya","Astana","Aulie-Ata","cuman","steppe, kokand, russia"
"Almaty_Province","Semirechie","Almaty","Verniy","cuman","steppe, russia"
"Aksu_Province","Little Bukharia","Aksu","Kashgar","cuman","steppe"
"Tabriz_Province","Azerbaijan","Tabriz","Tabriz","egypt","persia, georgia"
"Ajan_Province","Khorasan","Teheran","Tehran","egypt","persia, middle_east"
"Fais_Province","Isfahan","Esfahan","Isfahan","egypt","persia, middle_east"
"Kerman_Province","Kerman","Kerman","Bandar Abbas","egypt","persia, middle_east"
"Herat_Province","Herat","Herat","Herat","timurids","afghanistan"
"Kandahar_Province","Kabul","Kandahar","Kabul","timurids","afghanistan"
"Baluchistan_Province","Qandahar","Baluchistan","Kandahar","turks","afghanistan"
"Sind_Province","Sind","Sind","Karachi","bulga","india"
"Dehli_Province","Punjab","Dehli","Delhi","bulga","india"
"Rajputana_Province","Rajputana","Jaipur","Jaipur","bulga","india"
"Bihar_Province","Sumatra","Bihar","Banda Aceh","bulga","east_indies"
"Gondowan_Province","Central Provinces","Jabalpur","Bhopal","bulga","india"
"Bengal_Province","Bengal","Bengal","Calcutta","bulga","india"
"Decan_Province","South Vietnam","Bombay","Saigon","cru","indochina"
"Mysore_Province","Mysore","Bangalore","Bangalore","bulga","india"
"Vijanagar_Province","Cameroon","Madras","Yaounde","lith","sub_sahara"
"Orissa_Province","Madras Presidency","Cuttack","Madras","bulga","india"
"Ceyland_Province","Somalia","Ceyland","Hobyo","golden","sub_sahara, arab, north_africa"
"Caire_Province","Egypt","Caire","Cairo","golden","middle_east, arab, north_africa, egypt"
"Tripolitaine_Province","Tripolitania","Tripoli","Tripoli","moors","middle_east, arab, north_africa"
"Fez_Province","Fez","Fez","Fez","moors","middle_east, morocco, north_africa"
"Marrakesh_Province","Marrakesh","Marrakesh","Marrakesh","moors","middle_east, morocco, north_africa"
"Krasnodar_Province","Algeria","Krasnodar","Algiers","moors","middle_east, arab, north_africa"
"Kongo_Province","Nigeria","M_Banza_Kongo","Suleja","lith","sub_sahara"
"Corne_Afrique_Province","Ethiopia","Berbera","Gondar","lith","sub_sahara"
"Mombasa_Province","Zanzibar Coast","Mombasa","Zanzibar","golden","arab, sub_sahara, muscat"
"Kanem_Province","Equatorial Africa","Ngala","Faya","moors","sub_sahara"
"Afrique_Centrale_Province","Congo","Kampala","Leopoldville","portugal","sub_sahara"
"Rhodesie_Province","Transvaal","Lusaka","Pretoria","teu","sub_sahara, south_africa"
"Afrique_Sud_Province","Cape Colony","Cape","Cape Town","england","sub_sahara, south_africa"
"Madagascar_Province","Madagascar","Mahajanga","Mahajanga","lith","sub_sahara"
"Mozambique_Province","Mozambique","Angoche","Ulundi","spain","sub_sahara, zululand, south_africa"
"Namibie_Province","South West Africa","Gd_Namaqualand","Angra Pequena","lith","sub_sahara, south_africa"
"Mali_Province","Mali","Tombouktou","Timbuktu","moors","sub_sahara, north_africa"
"Cote_Guinee_Province","Senegal","Kansala","Dakar","lith","sub_sahara, north_africa"
"Akita_Province","Chugoku","Akita","Hagi","saxons","japan"
"Hokkaido_Province","Hokkaido","Hokkaido","Hakodate","saxons","japan"
"Edo_Province","Kanto","Edo","Edo","saxons","japan"
"Kyoto_Province","Southern Honshu","Kyoto","Kyoto","saxons","japan"
