"Region","Settlement","Owner","Resources"
"Dakota_Province","Dakota","portugala","usa"
"Zhengding_Province","Zhengding","portugala","usa, amerindian"
"Apache_Province","Apache","milan","csa, usa"
"Granada_Province","Granada","milan","csa, usa"
"Abenaki_Province","Abenaki","portugala","usa"
"Algarve_Province","Silves","portugala","usa"
"Corinth_Province","Corinth","hungary","usa, csa"
"Tualatin_Province","Tualatin","portugala","usa, amerindian"
"Tongva_Province","Tongva","portugala","usa, amerindian"
"Kansas_Province","Kansas","portugala","usa, amerindian"
"Utah_Province","Utah","portugala","usa, amerindian"
"Nuevo_Mexico_Province","Nuevo_Mexico","portugala","usa, amerindian"
"Augustine_Province","Augustine","milan","csa, usa"
"Choctaw_Province","Choctaw","milan","csa, usa"
"Comanche_Province","Comanche","milan","csa, usa, amerindian"
"Alaska_Province","Anchorage","russia","amerindian, usa, russia"
"Arctic_Province","Inuit","england","amerindian, canada"
"Ruperts_land_Province","York_factory","england","amerindian, canada"
"Quebec_Province","Quebec","england","canada"
"Lodz_Province","Lodz","england","amerindian, canada"
"Xining_Province","Xining","byzantium","steppe"
"Yinchuan_Province","Yinchuan","byzantium","steppe, mongolia, china"
"Beijing_Province","Beijing","byzantium","manchuria, china"
"Xian_Province","Xian","byzantium","china"
"Zhengzhou_Province","Zhengzhou","spain","sub_sahara"
"Nanjing_Province","Nanjing","byzantium","china"
"Hankou_Province","Hankou","lith","sub_sahara, south_africa"
"Kunming_Province","Kunming","byzantium","china"
"Chengdu_Province","Chengdu","byzantium","china"
"Guiyang_Province","Guiyang","byzantium","china"
"Fuzhou_Province","Fuzhou","byzantium","china"
"Guangzhou_Province","Guangzhou","byzantium","china"
"Qarshi_Province","Qarshi","byzantium","none"
"Korea_Province","Korea","byzantium","none"
"Mexico_Province","Mexico","scotland","mexico, s_america"
"Galicie_Province","Galicie","scotland","mexico, s_america"
"Veracruz_Province","Veracruz","scotland","mexico, s_america"
"Bolgar_Province","Bolgar","scotland","s_america"
"Panama_Province","Panama","scotland","s_america"
"Havana_Province","Havana","spain","cuba, s_america"
"Santa_Marta_Province","Santa_Marta","denmark","s_america"
"Cholula_Province","Cholula","denmark","s_america"
"Peru_Province","Lima","denmark","s_america, peru"
"South_Peru_Province","Cuzco","denmark","s_america, peru"
"Bolivia_Province","Lapaz","denmark","s_america"
"Paraguay_Province","Asuncion","aztecs","s_america, paraguay"
"Cuzco_Province","Antofagasta","aztecs","s_america"
"Moravie_Province","Moravie","aztecs","s_america"
"Sao_Paulo_Province","Sao_Paulo","aztecs","s_america, uruguay"
"Rio_Plata_Province","Buenos_Aires","aztecs","s_america"
"Rio_Negro_Province","Rio_Negro","aztecs","s_america, argentina"
"Salvador_Province","Salvador","poland","s_america, brazil"
"Rio_Janeiro_Province","Rio_Janeiro","poland","s_america, brazil"
"Potosi_Province","Potosi","poland","s_america, brazil"
"W_aust_Province","Perth","england","anzac"
"Lan_na_Province","Chiang_mai","england","anzac"
"New_zealand_Province","Wellington","england","anzac"
"Gujerat_Province","Ahmadabad","england","anzac"
"Ayudhya_Province","Bangkok","cru","siam, indochina"
"Taungoo_Province","Taungoo","cru","indochina, india"
"Vietnam_Province","Ha_noi","cru","indochina"
"Lang_sang_Province","Vianga_chan","cru","indochina"
"Cambodia_Province","Angkor","cru","indochina"
"Malaysia_Province","Kuala_lumpur","byzantium","east_indies, indochina"
"Brunei_Province","Sarawak","cru","east_indies"
"Java_Province","Jakarta","cru","east_indies"
"Papua_Province","Jayapura","england","none"
"Philipines_Province","Philipines","byzantium","east_indies"
"Hamburg_Province","Hamburg","hre","hanover, europe"
"Bern_Province","Bern","hre","prussia, europe"
"Hohenstauffen_Province","Hohenstauffen","hre","prussia, europe"
"Baviere_Province","Baviere","hre","europe, bavaria"
"Magdeburg_Province","Magdeburg","hre","prussia, europe"
"Zaragoza_Province","Zaragoza","spain","europe, spain"
"Leon_Province","Leon","spain","europe, spain"
"Toledo_Province","Burgos","spain","europe, spain"
"Cordoba_Province","Cordoba","spain","europe, spain"
"Hollande_Province","Hollande","portugal","europe, netherlands"
"Lisbon_Province","Lisbon","spain","europe"
"Jamaica_Province","Kingston","england","amerindian"
"Paris_Province","Paris","france","europe, france"
"Dijon_Province","Lyon","france","europe, france"
"Bordeaux_Province","Bordeaux","france","europe, france"
"Marseille_Province","Marseille","france","europe, france"
"Milan_Province","Milan","venice","europe, italy"
"Venice_Province","Venice","venice","austria, italy, europe"
"Sudan_Province","Khartoum","golden","arab, sub_sahara"
"Roman_Province","Rome","venice","europe, italy"
"Cagliari_Province","Cagliari","venice","europe, italy"
"Naples_Province","Naples","venice","europe, italy"
"Edinburgh_Province","Edinburgh","england","scotland, uk, europe"
"Angleterre_Province","Londres","england","uk, europe"
"York_Province","York","england","uk, europe"
"Islande_Province","Islande","scotland","uk, europe"
"Arhus_Province","Arhus","sicily","europe, denmark"
"Vestlandet_Province","Stavenger","normans","norway, europe"
"Tromso_Province","Tromso","normans","norway, europe"
"Nuuk_Province","Godthab","venice","europe"
"Stockholm_Province","Birka","normans","sweden, europe"
"NFinlande_Province","NFinlande","russia","russia, europe"
"Laponie_Province","Muramamsk","russia","russia, europe"
"Prague_Province","Prague","hungary","europe, austria"
"Innsbruck_Province","Vienne","hungary","europe, austria"
"Cracow_Province","Cracow","hungary","europe, austria"
"Pomeranie_Province","Pomeranie","russia","russia, europe"
"Kiev_Province","Kiev","russia","russia, europe"
"Smolensk_Province","Smolensk","russia","russia, europe"
"Estonie_Province","Reval","saxons","japan"
"Tejo_Province","Lisboa","hre","prussia, europe"
"Riga_Province","Riga","hre","russia, europe"
"Buda_Province","Buda","hungary","europe, hungary"
"Brann_Province","Brann","hungary","europe, hungary"
"Mesie_Province","Belgrad","hungary","albania"
"Sofia_Province","Sofia","mongols","ottoman, bulgaria"
"Constantinople_Province","Constantinople","turks","ottoman, greece"
"Thessalonica_Province","Thessalonica","mongols","ottoman, greece, bulgaria"
"Hellenie_Province","Hellenie","mongols","greece"
"Novgorod_Province","Novgorod","russia","russia, europe"
"Volgograd_Province","Volgograd","portugala","sub_sahara"
"Moscou_Province","Moscou","russia","russia, europe"
"Iaroslavl_Province","Iaroslavl","cru","east_indies"
"Arkhangelsk_Province","Arkhangelsk","russia","russia"
"Ufa_Province","Ufa","russia","russia, steppe"
"Tyumen_Province","Tyumen","russia","russia, steppe"
"Siberia_Province","Siberia","russia","siberia, steppe"
"Caffa_Province","Caffa","russia","fish, russia"
"Kyptchak_Province","Kyptchak","russia","russia, steppe"
"Sarkel_Province","Sarkel","russia","russia, europe"
"Tibet_Province","Tibet","cuman","tibet"
"Turfan_Province","Turfan","cuman","steppe"
"Karakorum_Province","Karakorum","cuman","mongolia, steppe"
"Ulan_Bator_Province","Ulan_Bator","cuman","mongolia, steppe"
"Irkutsk_Province","Irkutsk","cuman","steppe, siberia, mongolia"
"Ulan_Ude_Province","Ulan_Ude","russia","steppe, siberia, mongolia"
"Shen_Province","Shenyang","byzantium","manchuria, steppe"
"Khabarovsk_Province","Boli","russia","steppe, siberia, manchuria"
"Antioch_Province","Antioch","turks","middle_east, arab, ottoman"
"Jerusalemb_Province","Jerusalemb","teu","sub_sahara, south_africa"
"Damascus_Province","Damascus","golden","middle_east, arab, ottoman"
"Domrep_Province","Sandom","spain","cuba, s_america"
"Smyrna_Province","Smyrna","turks","none"
"Anatolie_Province","Konia","turks","middle_east, ottoman"
"Trebizond_Province","Trebizond","turks","middle_east, ottoman"
"Mecca_Province","Mecca","golden","middle_east, arab"
"Arabie_Province","Arabie","golden","middle_east, arab"
"Yemen_Province","Yemen","turks","middle_east, arab"
"Qatar_Province","Qatar","golden","middle_east, arab, muscat"
"Yerevan_Province","Manzikirt","turks","middle_east, arab, ottoman, armenia"
"Baghdad_Province","Baghdad","golden","middle_east, arab, ottoman"
"Baku_Province","Baku","egypt","georgia, armenia, russia, ottoman"
"Korasan_Province","Korasan","cuman","steppe, kokand, russia"
"Khwarzam_Province","Urgentch","cuman","steppe, kokand, russia"
"Tashkent_Province","Tashkent","cuman","steppe, kokand, russia"
"Bukhara_Province","Bukhara","cuman","steppe, russia"
"Arqin_Province","Arqin","cuman","steppe, russia"
"Astana_Province","Astana","cuman","steppe, kokand, russia"
"Almaty_Province","Almaty","cuman","steppe, russia"
"Aksu_Province","Aksu","cuman","steppe"
"Tabriz_Province","Tabriz","egypt","persia, georgia"
"Ajan_Province","Teheran","egypt","persia, middle_east"
"Fais_Province","Esfahan","egypt","persia, middle_east"
"Kerman_Province","Kerman","egypt","persia, middle_east"
"Herat_Province","Herat","timurids","afghanistan"
"Kandahar_Province","Kandahar","timurids","afghanistan"
"Baluchistan_Province","Baluchistan","turks","afghanistan"
"Sind_Province","Sind","bulga","india"
"Dehli_Province","Dehli","bulga","india"
"Rajputana_Province","Jaipur","bulga","india"
"Bihar_Province","Bihar","bulga","east_indies"
"Gondowan_Province","Jabalpur","bulga","india"
"Bengal_Province","Bengal","bulga","india"
"Decan_Province","Bombay","cru","indochina"
"Mysore_Province","Bangalore","bulga","india"
"Vijanagar_Province","Madras","lith","sub_sahara"
"Orissa_Province","Cuttack","bulga","india"
"Ceyland_Province","Ceyland","golden","sub_sahara, arab, north_africa"
"Caire_Province","Caire","golden","middle_east, arab, north_africa, egypt"
"Tripolitaine_Province","Tripoli","moors","middle_east, arab, north_africa"
"Fez_Province","Fez","moors","middle_east, morocco, north_africa"
"Marrakesh_Province","Marrakesh","moors","middle_east, morocco, north_africa"
"Krasnodar_Province","Krasnodar","moors","middle_east, arab, north_africa"
"Kongo_Province","M_Banza_Kongo","lith","sub_sahara"
"Corne_Afrique_Province","Berbera","lith","sub_sahara"
"Mombasa_Province","Mombasa","golden","arab, sub_sahara, muscat"
"Kanem_Province","Ngala","moors","sub_sahara"
"Afrique_Centrale_Province","Kampala","portugal","sub_sahara"
"Rhodesie_Province","Lusaka","teu","sub_sahara, south_africa"
"Afrique_Sud_Province","Cape","england","sub_sahara, south_africa"
"Madagascar_Province","Mahajanga","lith","sub_sahara"
"Mozambique_Province","Angoche","spain","sub_sahara, zululand, south_africa"
"Namibie_Province","Gd_Namaqualand","lith","sub_sahara, south_africa"
"Mali_Province","Tombouktou","moors","sub_sahara, north_africa"
"Cote_Guinee_Province","Kansala","lith","sub_sahara, north_africa"
"Akita_Province","Akita","saxons","japan"
"Hokkaido_Province","Hokkaido","saxons","japan"
"Edo_Province","Edo","saxons","japan"
"Kyoto_Province","Kyoto","saxons","japan"
